ID,SPECIMENID,CBL,CH,CBW,ADM,PDM,Original_Taxon,Clade,Clade1,Clade2,Combined_clade,Higher_level_taxonomy,Data_Source,Reference,Period,Lower_Stage,Upper_Stage,Group,Formation,Member,Max_ma,Min_ma,Mid_ma,Lat,Long,P_lat,P_Lon,Locality
3,NHMUK PV R 36771,2.38,3.37,1.2,10,7.7,Watton Cliff,UnknownSmall,UnknownSmall,UnknownSmall,UnknownSmall,UnknownSmall,This study,This study,Jurasssic,Bathonian,Bathonian,Great Oolite,Forest Marble,discus zone,165.5,165.3,165.4,50.7150508,-2.77618717,27.72,18.45,Watton Cliff
10,NHMUK PV R 36778,1.94,4.1,1.74,5.78,6.36,Watton Cliff,UnknownSmall,UnknownSmall,UnknownSmall,UnknownSmall,UnknownSmall,This study,This study,Jurasssic,Bathonian,Bathonian,Great Oolite,Forest Marble,discus zone,165.5,165.3,165.4,50.7150508,-2.77618717,27.72,18.45,Watton Cliff
11,NHMUK PV R 36779,1.27,2.16,0.72,15.2,13,Watton Cliff,UnknownSmall,UnknownSmall,UnknownSmall,UnknownSmall,UnknownSmall,This study,This study,Jurasssic,Bathonian,Bathonian,Great Oolite,Forest Marble,discus zone,165.5,165.3,165.4,50.7150508,-2.77618717,27.72,18.45,Watton Cliff
19,WD21,1.96,2.96,0.65,12,8.695652174,Woodeaton,UnknownSmall,UnknownSmall,UnknownSmall,UnknownSmall,UnknownSmall,This study,This study,Jurasssic,Bathonian,Bathonian,Great Oolite,White Limestone,Bladon,165.8,165.5,165.65,51.80778843,-1.229832702,29.04,19.3,Woodeaton
21,WD23,2.18,5.12,1.81,9.68,5.681818182,Woodeaton,UnknownSmall,UnknownSmall,UnknownSmall,UnknownSmall,UnknownSmall,This study,This study,Jurasssic,Bathonian,Bathonian,Great Oolite,White Limestone,Bladon,165.8,165.5,165.65,51.80778843,-1.229832702,29.04,19.3,Woodeaton
22,WD24,1.65,2.5,0.83,7.14,6.756756757,Woodeaton,UnknownSmall,UnknownSmall,UnknownSmall,UnknownSmall,UnknownSmall,This study,This study,Jurasssic,Bathonian,Bathonian,Great Oolite,White Limestone,Bladon,165.8,165.5,165.65,51.80778843,-1.229832702,29.04,19.3,Woodeaton
23,WD25,2.39,6.03,2.26,8.47,8.333333333,Woodeaton,UnknownSmall,UnknownSmall,UnknownSmall,UnknownSmall,UnknownSmall,This study,This study,Jurasssic,Bathonian,Bathonian,Great Oolite,White Limestone,Bladon,165.8,165.5,165.65,51.80778843,-1.229832702,29.04,19.3,Woodeaton
25,WD29,1.4,1.98,0.7,0,8.641975309,Woodeaton,UnknownSmall,UnknownSmall,UnknownSmall,UnknownSmall,UnknownSmall,This study,This study,Jurasssic,Bathonian,Bathonian,Great Oolite,White Limestone,Bladon,165.8,165.5,165.65,51.80778843,-1.229832702,29.04,19.3,Woodeaton
26,WD31,1.28,2.9,0.94,0,0,Woodeaton,UnknownSmall,UnknownSmall,UnknownSmall,UnknownSmall,UnknownSmall,This study,This study,Jurasssic,Bathonian,Bathonian,Great Oolite,White Limestone,Bladon,165.8,165.5,165.65,51.80778843,-1.229832702,29.04,19.3,Woodeaton
27,WD37,0.94,1.97,0.58,0,0,Woodeaton,UnknownSmall,UnknownSmall,UnknownSmall,UnknownSmall,UnknownSmall,This study,This study,Jurasssic,Bathonian,Bathonian,Great Oolite,White Limestone,Bladon,165.8,165.5,165.65,51.80778843,-1.229832702,29.04,19.3,Woodeaton
28,WD43,4.35,7.4,1.71,11.11,5.681818182,Woodeaton,UnknownSmall,UnknownSmall,UnknownSmall,UnknownSmall,UnknownSmall,This study,This study,Jurasssic,Bathonian,Bathonian,Great Oolite,White Limestone,Bladon,165.8,165.5,165.65,51.80778843,-1.229832702,29.04,19.3,Woodeaton
29,WD59,1.04,1.76,0.56,0,0,Woodeaton,UnknownSmall,UnknownSmall,UnknownSmall,UnknownSmall,UnknownSmall,This study,This study,Jurasssic,Bathonian,Bathonian,Great Oolite,White Limestone,Bladon,165.8,165.5,165.65,51.80778843,-1.229832702,29.04,19.3,Woodeaton
31,WD61,1.6,2.56,0.89,15.38,16.66666667,Woodeaton,UnknownSmall,UnknownSmall,UnknownSmall,UnknownSmall,UnknownSmall,This study,This study,Jurasssic,Bathonian,Bathonian,Great Oolite,White Limestone,Bladon,165.8,165.5,165.65,51.80778843,-1.229832702,29.04,19.3,Woodeaton
32,WD62,1.43,1.66,0.72,9.09,10.41666667,Woodeaton,UnknownSmall,UnknownSmall,UnknownSmall,UnknownSmall,UnknownSmall,This study,This study,Jurasssic,Bathonian,Bathonian,Great Oolite,White Limestone,Bladon,165.8,165.5,165.65,51.80778843,-1.229832702,29.04,19.3,Woodeaton
33,WD63,1.27,2.35,0.75,0,0,Woodeaton,UnknownSmall,UnknownSmall,UnknownSmall,UnknownSmall,UnknownSmall,This study,This study,Jurasssic,Bathonian,Bathonian,Great Oolite,White Limestone,Bladon,165.8,165.5,165.65,51.80778843,-1.229832702,29.04,19.3,Woodeaton
34,WD64,1.42,2.63,0.81,5.71,3.921568627,Woodeaton,UnknownSmall,UnknownSmall,UnknownSmall,UnknownSmall,UnknownSmall,This study,This study,Jurasssic,Bathonian,Bathonian,Great Oolite,White Limestone,Bladon,165.8,165.5,165.65,51.80778843,-1.229832702,29.04,19.3,Woodeaton
35,WD65,1.6,2.39,0.86,0,3.51758794,Woodeaton,UnknownSmall,UnknownSmall,UnknownSmall,UnknownSmall,UnknownSmall,This study,This study,Jurasssic,Bathonian,Bathonian,Great Oolite,White Limestone,Bladon,165.8,165.5,165.65,51.80778843,-1.229832702,29.04,19.3,Woodeaton
36,WD66,1.45,2.21,0.82,0,5.172413793,Woodeaton,UnknownSmall,UnknownSmall,UnknownSmall,UnknownSmall,UnknownSmall,This study,This study,Jurasssic,Bathonian,Bathonian,Great Oolite,White Limestone,Bladon,165.8,165.5,165.65,51.80778843,-1.229832702,29.04,19.3,Woodeaton
37,WD67,1.14,2.6,0.71,0,5.833333333,Woodeaton,UnknownSmall,UnknownSmall,UnknownSmall,UnknownSmall,UnknownSmall,This study,This study,Jurasssic,Bathonian,Bathonian,Great Oolite,White Limestone,Bladon,165.8,165.5,165.65,51.80778843,-1.229832702,29.04,19.3,Woodeaton
38,WD69,2.41,4.21,1.1,0,3.804347826,Woodeaton,UnknownSmall,UnknownSmall,UnknownSmall,UnknownSmall,UnknownSmall,This study,This study,Jurasssic,Bathonian,Bathonian,Great Oolite,White Limestone,Bladon,165.8,165.5,165.65,51.80778843,-1.229832702,29.04,19.3,Woodeaton
39,WD70,1.96,3.78,0.85,6.25,3.289473684,Woodeaton,UnknownSmall,UnknownSmall,UnknownSmall,UnknownSmall,UnknownSmall,This study,This study,Jurasssic,Bathonian,Bathonian,Great Oolite,White Limestone,Bladon,165.8,165.5,165.65,51.80778843,-1.229832702,29.04,19.3,Woodeaton
40,WD71,2.95,4.54,1.48,0,3.153153153,Woodeaton,UnknownSmall,UnknownSmall,UnknownSmall,UnknownSmall,UnknownSmall,This study,This study,Jurasssic,Bathonian,Bathonian,Great Oolite,White Limestone,Bladon,165.8,165.5,165.65,51.80778843,-1.229832702,29.04,19.3,Woodeaton
42,WD73,1.72,3.66,1.18,0,4.347826087,Woodeaton,UnknownSmall,UnknownSmall,UnknownSmall,UnknownSmall,UnknownSmall,This study,This study,Jurasssic,Bathonian,Bathonian,Great Oolite,White Limestone,Bladon,165.8,165.5,165.65,51.80778843,-1.229832702,29.04,19.3,Woodeaton
43,WD74,1.93,5.07,1.16,0,4.04040404,Woodeaton,UnknownSmall,UnknownSmall,UnknownSmall,UnknownSmall,UnknownSmall,This study,This study,Jurasssic,Bathonian,Bathonian,Great Oolite,White Limestone,Bladon,165.8,165.5,165.65,51.80778843,-1.229832702,29.04,19.3,Woodeaton
44,WD75,2.5,5.76,1.75,0,3.225806452,Woodeaton,UnknownSmall,UnknownSmall,UnknownSmall,UnknownSmall,UnknownSmall,This study,This study,Jurasssic,Bathonian,Bathonian,Great Oolite,White Limestone,Bladon,165.8,165.5,165.65,51.80778843,-1.229832702,29.04,19.3,Woodeaton
45,WD76,3.11,5.57,1.87,4.88,2.651515152,Woodeaton,UnknownSmall,UnknownSmall,UnknownSmall,UnknownSmall,UnknownSmall,This study,This study,Jurasssic,Bathonian,Bathonian,Great Oolite,White Limestone,Bladon,165.8,165.5,165.65,51.80778843,-1.229832702,29.04,19.3,Woodeaton
46,WD77,1.4,3.2,0.98,0,3.614457831,Woodeaton,UnknownSmall,UnknownSmall,UnknownSmall,UnknownSmall,UnknownSmall,This study,This study,Jurasssic,Bathonian,Bathonian,Great Oolite,White Limestone,Bladon,165.8,165.5,165.65,51.80778843,-1.229832702,29.04,19.3,Woodeaton
48,WD79,1.85,2.38,0.96,0,4.21686747,Woodeaton,UnknownSmall,UnknownSmall,UnknownSmall,UnknownSmall,UnknownSmall,This study,This study,Jurasssic,Bathonian,Bathonian,Great Oolite,White Limestone,Bladon,165.8,165.5,165.65,51.80778843,-1.229832702,29.04,19.3,Woodeaton
49,WD80,1.98,2.76,1.1,5.56,7.142857143,Woodeaton,UnknownSmall,UnknownSmall,UnknownSmall,UnknownSmall,UnknownSmall,This study,This study,Jurasssic,Bathonian,Bathonian,Great Oolite,White Limestone,Bladon,165.8,165.5,165.65,51.80778843,-1.229832702,29.04,19.3,Woodeaton
50,WD81,1.87,2.72,1.14,0,0,Woodeaton,UnknownSmall,UnknownSmall,UnknownSmall,UnknownSmall,UnknownSmall,This study,This study,Jurasssic,Bathonian,Bathonian,Great Oolite,White Limestone,Bladon,165.8,165.5,165.65,51.80778843,-1.229832702,29.04,19.3,Woodeaton
51,WD92,1.72,2.31,0.85,0,0,Woodeaton,UnknownSmall,UnknownSmall,UnknownSmall,UnknownSmall,UnknownSmall,This study,This study,Jurasssic,Bathonian,Bathonian,Great Oolite,White Limestone,Bladon,165.8,165.5,165.65,51.80778843,-1.229832702,29.04,19.3,Woodeaton
52,WD93,1.49,2.7,0.73,5.56,4.242424242,Woodeaton,UnknownSmall,UnknownSmall,UnknownSmall,UnknownSmall,UnknownSmall,This study,This study,Jurasssic,Bathonian,Bathonian,Great Oolite,White Limestone,Bladon,165.8,165.5,165.65,51.80778843,-1.229832702,29.04,19.3,Woodeaton
53,WD95,1.31,2.61,0.73,0,5.263157895,Woodeaton,UnknownSmall,UnknownSmall,UnknownSmall,UnknownSmall,UnknownSmall,This study,This study,Jurasssic,Bathonian,Bathonian,Great Oolite,White Limestone,Bladon,165.8,165.5,165.65,51.80778843,-1.229832702,29.04,19.3,Woodeaton
54,WD119,1.42,4.08,0.87,0,15.2173913,Woodeaton,UnknownSmall,UnknownSmall,UnknownSmall,UnknownSmall,UnknownSmall,This study,This study,Jurasssic,Bathonian,Bathonian,Great Oolite,White Limestone,Bladon,165.8,165.5,165.65,51.80778843,-1.229832702,29.04,19.3,Woodeaton
55,W2M1 (Sudders theropod),2.705,5.272,1.39,0,9.090909091,Woodeaton,UnknownSmall,UnknownSmall,UnknownSmall,UnknownSmall,UnknownSmall,This study,This study,Jurasssic,Bathonian,Bathonian,Great Oolite,White Limestone,Bladon,165.8,165.5,165.65,51.80778843,-1.229832702,29.04,19.3,Woodeaton
56,JR1,11.59,27.19,7.61,2.54,2.717391304,Kirtlington,UnknownSmall,UnknownSmall,UnknownSmall,UnknownSmall,UnknownSmall,This study,This study,Jurassic,Bathonian,Bathonian,Bathonian,Forest Marble,Discus zone,165.5,165.5,165.5,51.87618385,-1.282845535,29.07,19.21,Kirtlington
58,JR12,2.39,3.81,1.59,0,8.421052632,Kirtlington,UnknownSmall,UnknownSmall,UnknownSmall,UnknownSmall,UnknownSmall,This study,This study,Jurassic,Bathonian,Bathonian,Bathonian,Forest Marble,Discus zone,165.5,165.5,165.5,51.87618385,-1.282845535,29.07,19.21,Kirtlington
59,JR13,1.99,2.85,0.72,0,8.510638298,Kirtlington,UnknownSmall,UnknownSmall,UnknownSmall,UnknownSmall,UnknownSmall,This study,This study,Jurassic,Bathonian,Bathonian,Bathonian,Forest Marble,Discus zone,165.5,165.5,165.5,51.87618385,-1.282845535,29.07,19.21,Kirtlington
60,JR14,1.77,3.06,0.66,9.68,8.450704225,Kirtlington,UnknownSmall,UnknownSmall,UnknownSmall,UnknownSmall,UnknownSmall,This study,This study,Jurassic,Bathonian,Bathonian,Bathonian,Forest Marble,Discus zone,165.5,165.5,165.5,51.87618385,-1.282845535,29.07,19.21,Kirtlington
62,JR16,0.88,1.45,0.54,0,18.18181818,Kirtlington,UnknownSmall,UnknownSmall,UnknownSmall,UnknownSmall,UnknownSmall,This study,This study,Jurassic,Bathonian,Bathonian,Bathonian,Forest Marble,Discus zone,165.5,165.5,165.5,51.87618385,-1.282845535,29.07,19.21,Kirtlington
63,JR17,1.87,2.75,1.58,8.51,9.090909091,Kirtlington,UnknownSmall,UnknownSmall,UnknownSmall,UnknownSmall,UnknownSmall,This study,This study,Jurassic,Bathonian,Bathonian,Bathonian,Forest Marble,Discus zone,165.5,165.5,165.5,51.87618385,-1.282845535,29.07,19.21,Kirtlington
64,JR18,2,2.76,1.39,8.33,9.89,Kirtlington,UnknownSmall,UnknownSmall,UnknownSmall,UnknownSmall,UnknownSmall,This study,This study,Jurassic,Bathonian,Bathonian,Bathonian,Forest Marble,Discus zone,165.5,165.5,165.5,51.87618385,-1.282845535,29.07,19.21,Kirtlington
66,JR2,14.54,30,7.57,2.6,2.621722846,Kirtlington,UnknownSmall,UnknownSmall,UnknownSmall,UnknownSmall,UnknownSmall,This study,This study,Jurassic,Bathonian,Bathonian,Bathonian,Forest Marble,Discus zone,165.5,165.5,165.5,51.87618385,-1.282845535,29.07,19.21,Kirtlington
68,JR22,1.35,2.21,0.85,12,9.756097561,Kirtlington,UnknownSmall,UnknownSmall,UnknownSmall,UnknownSmall,UnknownSmall,This study,This study,Jurassic,Bathonian,Bathonian,Bathonian,Forest Marble,Discus zone,165.5,165.5,165.5,51.87618385,-1.282845535,29.07,19.21,Kirtlington
69,JR23,2.08,2.9,1.24,12.05,9.411764706,Kirtlington,UnknownSmall,UnknownSmall,UnknownSmall,UnknownSmall,UnknownSmall,This study,This study,Jurassic,Bathonian,Bathonian,Bathonian,Forest Marble,Discus zone,165.5,165.5,165.5,51.87618385,-1.282845535,29.07,19.21,Kirtlington
72,JR27,3.31,4.98,1.66,5.81,4.95049505,Kirtlington,UnknownSmall,UnknownSmall,UnknownSmall,UnknownSmall,UnknownSmall,This study,This study,Jurassic,Bathonian,Bathonian,Bathonian,Forest Marble,Discus zone,165.5,165.5,165.5,51.87618385,-1.282845535,29.07,19.21,Kirtlington
74,JR29,2.05,5.2,1.21,14.89,7.777777778,Kirtlington,UnknownSmall,UnknownSmall,UnknownSmall,UnknownSmall,UnknownSmall,This study,This study,Jurassic,Bathonian,Bathonian,Bathonian,Forest Marble,Discus zone,165.5,165.5,165.5,51.87618385,-1.282845535,29.07,19.21,Kirtlington
76,JR30,4.09,8.77,1.86,9.09,6.711409396,Kirtlington,UnknownSmall,UnknownSmall,UnknownSmall,UnknownSmall,UnknownSmall,This study,This study,Jurassic,Bathonian,Bathonian,Bathonian,Forest Marble,Discus zone,165.5,165.5,165.5,51.87618385,-1.282845535,29.07,19.21,Kirtlington
77,JR31,3.08,4.82,1.54,9.09,6.52173913,Kirtlington,UnknownSmall,UnknownSmall,UnknownSmall,UnknownSmall,UnknownSmall,This study,This study,Jurassic,Bathonian,Bathonian,Bathonian,Forest Marble,Discus zone,165.5,165.5,165.5,51.87618385,-1.282845535,29.07,19.21,Kirtlington
79,JR34,1.53,3.12,0.9,0,0,Kirtlington,UnknownSmall,UnknownSmall,UnknownSmall,UnknownSmall,UnknownSmall,This study,This study,Jurassic,Bathonian,Bathonian,Bathonian,Forest Marble,Discus zone,165.5,165.5,165.5,51.87618385,-1.282845535,29.07,19.21,Kirtlington
80,JR35,1.95,3.27,1.07,9.09,7.079646018,Kirtlington,UnknownSmall,UnknownSmall,UnknownSmall,UnknownSmall,UnknownSmall,This study,This study,Jurassic,Bathonian,Bathonian,Bathonian,Forest Marble,Discus zone,165.5,165.5,165.5,51.87618385,-1.282845535,29.07,19.21,Kirtlington
81,JR37,0.61,0.87,0.35,18.75,17.4,Kirtlington,UnknownSmall,UnknownSmall,UnknownSmall,UnknownSmall,UnknownSmall,This study,This study,Jurassic,Bathonian,Bathonian,Bathonian,Forest Marble,Discus zone,165.5,165.5,165.5,51.87618385,-1.282845535,29.07,19.21,Kirtlington
82,JR38,1.77,4.74,1.03,8.33,7.368421053,Kirtlington,UnknownSmall,UnknownSmall,UnknownSmall,UnknownSmall,UnknownSmall,This study,This study,Jurassic,Bathonian,Bathonian,Bathonian,Forest Marble,Discus zone,165.5,165.5,165.5,51.87618385,-1.282845535,29.07,19.21,Kirtlington
84,JR4,8.9,19,3.9,6.44,4.849421189,Kirtlington,UnknownSmall,UnknownSmall,UnknownSmall,UnknownSmall,UnknownSmall,This study,This study,Jurassic,Bathonian,Bathonian,Bathonian,Forest Marble,Discus zone,165.5,165.5,165.5,51.87618385,-1.282845535,29.07,19.21,Kirtlington
85,JR40,1.31,1.78,0.65,16.67,11.42857143,Kirtlington,UnknownSmall,UnknownSmall,UnknownSmall,UnknownSmall,UnknownSmall,This study,This study,Jurassic,Bathonian,Bathonian,Bathonian,Forest Marble,Discus zone,165.5,165.5,165.5,51.87618385,-1.282845535,29.07,19.21,Kirtlington
92,K14,0.97,2.04,0.57,0,12.5,Kirtlington,UnknownSmall,UnknownSmall,UnknownSmall,UnknownSmall,UnknownSmall,This study,This study,Jurassic,Bathonian,Bathonian,Bathonian,Forest Marble,Discus zone,165.5,165.5,165.5,51.87618385,-1.282845535,29.07,19.21,Kirtlington
93,K15,0.91,1.8,0.48,0,15.09433962,Kirtlington,UnknownSmall,UnknownSmall,UnknownSmall,UnknownSmall,UnknownSmall,This study,This study,Jurassic,Bathonian,Bathonian,Bathonian,Forest Marble,Discus zone,165.5,165.5,165.5,51.87618385,-1.282845535,29.07,19.21,Kirtlington
94,K16,0.85,1.5,0.65,0,13.51351351,Kirtlington,UnknownSmall,UnknownSmall,UnknownSmall,UnknownSmall,UnknownSmall,This study,This study,Jurassic,Bathonian,Bathonian,Bathonian,Forest Marble,Discus zone,165.5,165.5,165.5,51.87618385,-1.282845535,29.07,19.21,Kirtlington
95,K170,1.53,2.86,0.83,0,9.722222222,Kirtlington,UnknownSmall,UnknownSmall,UnknownSmall,UnknownSmall,UnknownSmall,This study,This study,Jurassic,Bathonian,Bathonian,Bathonian,Forest Marble,Discus zone,165.5,165.5,165.5,51.87618385,-1.282845535,29.07,19.21,Kirtlington
98,GCM_10-37,2.93,4.86,1.55,13.64,8.333333333,Hornsleasow,UnknownSmall,UnknownSmall,UnknownSmall,UnknownSmall,UnknownSmall,This study,This study,Jurassic,Bathonian,Bathonian,Great Oolite,Chipping Norton Limestone,Zigzag zone,168.1,167.6,167.85,51.98831606,-1.80910607,29.46,19.34,Hornsleasow
101,GCM_100-14,2.44,3.79,1.2,0,8.620689655,Hornsleasow,UnknownSmall,UnknownSmall,UnknownSmall,UnknownSmall,UnknownSmall,This study,This study,Jurassic,Bathonian,Bathonian,Great Oolite,Chipping Norton Limestone,Zigzag zone,168.1,167.6,167.85,51.98831606,-1.80910607,29.46,19.34,Hornsleasow
102,GCM_100-21,1.6,2.16,0.9,0,8.928571429,Hornsleasow,UnknownSmall,UnknownSmall,UnknownSmall,UnknownSmall,UnknownSmall,This study,This study,Jurassic,Bathonian,Bathonian,Great Oolite,Chipping Norton Limestone,Zigzag zone,168.1,167.6,167.85,51.98831606,-1.80910607,29.46,19.34,Hornsleasow
103,GCM_100-64,2.13,3.07,0.91,8.82,7.619047619,Hornsleasow,UnknownSmall,UnknownSmall,UnknownSmall,UnknownSmall,UnknownSmall,This study,This study,Jurassic,Bathonian,Bathonian,Great Oolite,Chipping Norton Limestone,Zigzag zone,168.1,167.6,167.85,51.98831606,-1.80910607,29.46,19.34,Hornsleasow
104,GCM_100-9,1.91,3.64,1.06,0,7.462686567,Hornsleasow,UnknownSmall,UnknownSmall,UnknownSmall,UnknownSmall,UnknownSmall,This study,This study,Jurassic,Bathonian,Bathonian,Great Oolite,Chipping Norton Limestone,Zigzag zone,168.1,167.6,167.85,51.98831606,-1.80910607,29.46,19.34,Hornsleasow
105,GCM_12-28,2.9,5.45,1.59,8.51,6.956521739,Hornsleasow,UnknownSmall,UnknownSmall,UnknownSmall,UnknownSmall,UnknownSmall,This study,This study,Jurassic,Bathonian,Bathonian,Great Oolite,Chipping Norton Limestone,Zigzag zone,168.1,167.6,167.85,51.98831606,-1.80910607,29.46,19.34,Hornsleasow
106,GCM_120-19,0.97,2.16,0.74,0,0,Hornsleasow,UnknownSmall,UnknownSmall,UnknownSmall,UnknownSmall,UnknownSmall,This study,This study,Jurassic,Bathonian,Bathonian,Great Oolite,Chipping Norton Limestone,Zigzag zone,168.1,167.6,167.85,51.98831606,-1.80910607,29.46,19.34,Hornsleasow
107,GCM_14-27,1.61,2.36,0.91,0,8.571428571,Hornsleasow,UnknownSmall,UnknownSmall,UnknownSmall,UnknownSmall,UnknownSmall,This study,This study,Jurassic,Bathonian,Bathonian,Great Oolite,Chipping Norton Limestone,Zigzag zone,168.1,167.6,167.85,51.98831606,-1.80910607,29.46,19.34,Hornsleasow
108,GCM_140-7,3.42,7.79,2.26,0,6.363636364,Hornsleasow,UnknownSmall,UnknownSmall,UnknownSmall,UnknownSmall,UnknownSmall,This study,This study,Jurassic,Bathonian,Bathonian,Great Oolite,Chipping Norton Limestone,Zigzag zone,168.1,167.6,167.85,51.98831606,-1.80910607,29.46,19.34,Hornsleasow
109,GCM_167-24,5.37,10.6,2.65,8.33,4.926108374,Hornsleasow,UnknownSmall,UnknownSmall,UnknownSmall,UnknownSmall,UnknownSmall,This study,This study,Jurassic,Bathonian,Bathonian,Great Oolite,Chipping Norton Limestone,Zigzag zone,168.1,167.6,167.85,51.98831606,-1.80910607,29.46,19.34,Hornsleasow
110,GCM_21-22,1.88,2.51,0.94,0,8.75,Hornsleasow,UnknownSmall,UnknownSmall,UnknownSmall,UnknownSmall,UnknownSmall,This study,This study,Jurassic,Bathonian,Bathonian,Great Oolite,Chipping Norton Limestone,Zigzag zone,168.1,167.6,167.85,51.98831606,-1.80910607,29.46,19.34,Hornsleasow
111,GCM_68-1,1.48,1.75,0.69,10.34,8.064516129,Hornsleasow,UnknownSmall,UnknownSmall,UnknownSmall,UnknownSmall,UnknownSmall,This study,This study,Jurassic,Bathonian,Bathonian,Great Oolite,Chipping Norton Limestone,Zigzag zone,168.1,167.6,167.85,51.98831606,-1.80910607,29.46,19.34,Hornsleasow
112,GCM_G10022,7.25,16.53,4.02,5.56,4.385964912,Hornsleasow,UnknownSmall,UnknownSmall,UnknownSmall,UnknownSmall,UnknownSmall,This study,This study,Jurassic,Bathonian,Bathonian,Great Oolite,Chipping Norton Limestone,Zigzag zone,168.1,167.6,167.85,51.98831606,-1.80910607,29.46,19.34,Hornsleasow
113,GCM_G10117,26.05,51.63,13.07,1.68,2.492211838,Hornsleasow,UnknownSmall,UnknownSmall,UnknownSmall,UnknownSmall,UnknownSmall,This study,This study,Jurassic,Bathonian,Bathonian,Great Oolite,Chipping Norton Limestone,Zigzag zone,168.1,167.6,167.85,51.98831606,-1.80910607,29.46,19.34,Hornsleasow
114,GCM_G10165,19.09,28.63,10.19,1.89,2.69541779,Hornsleasow,UnknownSmall,UnknownSmall,UnknownSmall,UnknownSmall,UnknownSmall,This study,This study,Jurassic,Bathonian,Bathonian,Great Oolite,Chipping Norton Limestone,Zigzag zone,168.1,167.6,167.85,51.98831606,-1.80910607,29.46,19.34,Hornsleasow
119,GCM_G75704,3.17,6.37,1.72,0,7.547169811,Hornsleasow,UnknownSmall,UnknownSmall,UnknownSmall,UnknownSmall,UnknownSmall,This study,This study,Jurassic,Bathonian,Bathonian,Great Oolite,Chipping Norton Limestone,Zigzag zone,168.1,167.6,167.85,51.98831606,-1.80910607,29.46,19.34,Hornsleasow
123,GCM_H4,2.39,5.84,1.45,0,7.070707071,Hornsleasow,UnknownSmall,UnknownSmall,UnknownSmall,UnknownSmall,UnknownSmall,This study,This study,Jurassic,Bathonian,Bathonian,Great Oolite,Chipping Norton Limestone,Zigzag zone,168.1,167.6,167.85,51.98831606,-1.80910607,29.46,19.34,Hornsleasow
124,GCM_H5,2.4,4.63,1.28,11.11,8.849557522,Hornsleasow,UnknownSmall,UnknownSmall,UnknownSmall,UnknownSmall,UnknownSmall,This study,This study,Jurassic,Bathonian,Bathonian,Great Oolite,Chipping Norton Limestone,Zigzag zone,168.1,167.6,167.85,51.98831606,-1.80910607,29.46,19.34,Hornsleasow
125,GCM_HQ 104 C -1,2.3,2.91,1.18,9.09,7.843137255,Hornsleasow,UnknownSmall,UnknownSmall,UnknownSmall,UnknownSmall,UnknownSmall,This study,This study,Jurassic,Bathonian,Bathonian,Great Oolite,Chipping Norton Limestone,Zigzag zone,168.1,167.6,167.85,51.98831606,-1.80910607,29.46,19.34,Hornsleasow
127,GCM_Tube 67,5.44,7.68,2.77,6.54,4.115226337,Hornsleasow,UnknownSmall,UnknownSmall,UnknownSmall,UnknownSmall,UnknownSmall,This study,This study,Jurassic,Bathonian,Bathonian,Great Oolite,Chipping Norton Limestone,Zigzag zone,168.1,167.6,167.85,51.98831606,-1.80910607,29.46,19.34,Hornsleasow
128,GCM_X,2.98,3.24,1.52,8.2,7.042253521,Hornsleasow,UnknownSmall,UnknownSmall,UnknownSmall,UnknownSmall,UnknownSmall,This study,This study,Jurassic,Bathonian,Bathonian,Great Oolite,Chipping Norton Limestone,Zigzag zone,168.1,167.6,167.85,51.98831606,-1.80910607,29.46,19.34,Hornsleasow
129,GCM_H11,0.99,2.36,0.64,0,9.836065574,Hornsleasow,UnknownSmall,UnknownSmall,UnknownSmall,UnknownSmall,UnknownSmall,This study,This study,Jurassic,Bathonian,Bathonian,Great Oolite,Chipping Norton Limestone,Zigzag zone,168.1,167.6,167.85,51.98831606,-1.80910607,29.46,19.34,Hornsleasow
130,GCM_H14,0.85,1.91,0.59,0,14.28571429,Hornsleasow,UnknownSmall,UnknownSmall,UnknownSmall,UnknownSmall,UnknownSmall,This study,This study,Jurassic,Bathonian,Bathonian,Great Oolite,Chipping Norton Limestone,Zigzag zone,168.1,167.6,167.85,51.98831606,-1.80910607,29.46,19.34,Hornsleasow
131,GCM_38-10,1.75,2.8,0.83,0,8.695652174,Hornsleasow,UnknownSmall,UnknownSmall,UnknownSmall,UnknownSmall,UnknownSmall,This study,This study,Jurassic,Bathonian,Bathonian,Great Oolite,Chipping Norton Limestone,Zigzag zone,168.1,167.6,167.85,51.98831606,-1.80910607,29.46,19.34,Hornsleasow
132,GCM_6-38,2.45,5.65,1.71,0,0,Hornsleasow,UnknownSmall,UnknownSmall,UnknownSmall,UnknownSmall,UnknownSmall,This study,This study,Jurassic,Bathonian,Bathonian,Great Oolite,Chipping Norton Limestone,Zigzag zone,168.1,167.6,167.85,51.98831606,-1.80910607,29.46,19.34,Hornsleasow
134,GCM_G91702,2.31,4.96,1.14,0,10.63829787,Hornsleasow,UnknownSmall,UnknownSmall,UnknownSmall,UnknownSmall,UnknownSmall,This study,This study,Jurassic,Bathonian,Bathonian,Great Oolite,Chipping Norton Limestone,Zigzag zone,168.1,167.6,167.85,51.98831606,-1.80910607,29.46,19.34,Hornsleasow
137,GCM_G91706,2.77,3.94,1.13,0,9.090909091,Hornsleasow,UnknownSmall,UnknownSmall,UnknownSmall,UnknownSmall,UnknownSmall,This study,This study,Jurassic,Bathonian,Bathonian,Great Oolite,Chipping Norton Limestone,Zigzag zone,168.1,167.6,167.85,51.98831606,-1.80910607,29.46,19.34,Hornsleasow
138,GCM_G91705,2.16,4.12,1.54,0,10.52631579,Hornsleasow,UnknownSmall,UnknownSmall,UnknownSmall,UnknownSmall,UnknownSmall,This study,This study,Jurassic,Bathonian,Bathonian,Great Oolite,Chipping Norton Limestone,Zigzag zone,168.1,167.6,167.85,51.98831606,-1.80910607,29.46,19.34,Hornsleasow
139,GCM_TEMP3061,6.56,12.7,3.63,5.74,4.347826087,Hornsleasow,UnknownSmall,UnknownSmall,UnknownSmall,UnknownSmall,UnknownSmall,This study,This study,Jurassic,Bathonian,Bathonian,Great Oolite,Chipping Norton Limestone,Zigzag zone,168.1,167.6,167.85,51.98831606,-1.80910607,29.46,19.34,Hornsleasow
140,GCM_8-23,2.29,2.87,0.98,6.38,4.86,Hornsleasow,UnknownSmall,UnknownSmall,UnknownSmall,UnknownSmall,UnknownSmall,This study,This study,Jurassic,Bathonian,Bathonian,Great Oolite,Chipping Norton Limestone,Zigzag zone,168.1,167.6,167.85,51.98831606,-1.80910607,29.46,19.34,Hornsleasow
141,GCM_14-22,3.1,3.5,1.62,7.25,6.756756757,Hornsleasow,UnknownSmall,UnknownSmall,UnknownSmall,UnknownSmall,UnknownSmall,This study,This study,Jurassic,Bathonian,Bathonian,Great Oolite,Chipping Norton Limestone,Zigzag zone,168.1,167.6,167.85,51.98831606,-1.80910607,29.46,19.34,Hornsleasow
142,GCM_167-32,2.54,3.45,1.74,6.11,6.134969325,Hornsleasow,UnknownSmall,UnknownSmall,UnknownSmall,UnknownSmall,UnknownSmall,This study,This study,Jurassic,Bathonian,Bathonian,Great Oolite,Chipping Norton Limestone,Zigzag zone,168.1,167.6,167.85,51.98831606,-1.80910607,29.46,19.34,Hornsleasow
146,GCM_G72603,3.95,7.73,2.46,0,0,Hornsleasow,UnknownSmall,UnknownSmall,UnknownSmall,UnknownSmall,UnknownSmall,This study,This study,Jurassic,Bathonian,Bathonian,Great Oolite,Chipping Norton Limestone,Zigzag zone,168.1,167.6,167.85,51.98831606,-1.80910607,29.46,19.34,Hornsleasow
149,GCM 7.219-3,4.75,6.44,2.36,5.71,4.694835681,Hornsleasow,UnknownSmall,UnknownSmall,UnknownSmall,UnknownSmall,UnknownSmall,This study,This study,Jurassic,Bathonian,Bathonian,Great Oolite,Chipping Norton Limestone,Zigzag zone,168.1,167.6,167.85,51.98831606,-1.80910607,29.46,19.34,Hornsleasow
